marital,mean_tv_hrs,median_tv_hrs,min_tv_hrs,max_tv_hrs
No answer,2.75,3,1,4
Never married,3.39804469273743,3,0,24
Separated,3.6517857142857144,3,0,24
Divorced,3.131246237206502,2,0,24
Widowed,3.915237134207871,3,0,24
Married,2.6577123050259965,2,0,24
