marital,mean_tv_hrs,median_tv_hrs,min_tv_hrs,max_tv_hrs
No answer,2.5555555555555554,2,1,4
Never married,3.1051752921535893,2,0,24
Separated,3.549618320610687,3,0,24
Divorced,3.0854072398190047,2,0,24
Widowed,3.912,3,0,24
Married,2.6504253673627223,2,0,24
